{"root":[{"assemblyName":"Assembly-CSharp","nameSpace":"","className":"SteamManager","methodName":"InitOnPlayMode","loadTypes":4,"isUnityClass":false},{"assemblyName":"Unity.InputSystem","nameSpace":"UnityEngine.InputSystem","className":"InputSystem","methodName":"RunInitializeInPlayer","loadTypes":4,"isUnityClass":true},{"assemblyName":"Unity.InputSystem","nameSpace":"UnityEngine.InputSystem","className":"InputSystem","methodName":"RunInitialUpdate","loadTypes":1,"isUnityClass":true},{"assemblyName":"Unity.Services.Core.Internal","nameSpace":"Unity.Services.Core.Internal","className":"TaskAsyncOperation","methodName":"SetScheduler","loadTypes":1,"isUnityClass":true},{"assemblyName":"Unity.Services.Core.Internal","nameSpace":"Unity.Services.Core.Internal","className":"UnityServicesInitializer","methodName":"CreateStaticInstance","loadTypes":2,"isUnityClass":true},{"assemblyName":"Unity.Services.Core.Internal","nameSpace":"Unity.Services.Core.Internal","className":"UnityServicesInitializer","methodName":"EnableServicesInitializationAsync","loadTypes":0,"isUnityClass":true},{"assemblyName":"Unity.Services.Relay","nameSpace":"Unity.Services.Relay","className":"RelayServiceProvider","methodName":"Register","loadTypes":1,"isUnityClass":true},{"assemblyName":"Unity.Services.Relay","nameSpace":"Unity.Services.Relay.Scheduler","className":"EngineStateHelper","methodName":"Init","loadTypes":1,"isUnityClass":true},{"assemblyName":"Unity.Services.Relay","nameSpace":"Unity.Services.Relay.Scheduler","className":"ThreadHelper","methodName":"Init","loadTypes":1,"isUnityClass":true},{"assemblyName":"Unity.Services.Relay","nameSpace":"Unity.Services.Relay.Http","className":"JsonHelpers","methodName":"RegisterTypesForAOT","loadTypes":3,"isUnityClass":true},{"assemblyName":"Unity.Services.Authentication","nameSpace":"Unity.Services.Authentication","className":"AuthenticationPackageInitializer","methodName":"Register","loadTypes":1,"isUnityClass":true},{"assemblyName":"Cinemachine","nameSpace":"Cinemachine","className":"CinemachineStoryboard","methodName":"InitializeModule","loadTypes":0,"isUnityClass":false},{"assemblyName":"Cinemachine","nameSpace":"Cinemachine","className":"CinemachineCore","methodName":"InitializeModule","loadTypes":0,"isUnityClass":false},{"assemblyName":"Cinemachine","nameSpace":"Cinemachine","className":"UpdateTracker","methodName":"InitializeModule","loadTypes":0,"isUnityClass":false},{"assemblyName":"Cinemachine","nameSpace":"Cinemachine","className":"CinemachineImpulseManager","methodName":"InitializeModule","loadTypes":0,"isUnityClass":false},{"assemblyName":"Unity.Services.Core.Registration","nameSpace":"Unity.Services.Core.Registration","className":"CorePackageInitializer","methodName":"Register","loadTypes":1,"isUnityClass":true},{"assemblyName":"Unity.Collections","nameSpace":"","className":"$BurstDirectCallInitializer","methodName":"Initialize","loadTypes":2,"isUnityClass":true},{"assemblyName":"Unity.Services.Lobbies","nameSpace":"Unity.Services.Lobbies","className":"LobbyServiceProvider","methodName":"Register","loadTypes":1,"isUnityClass":true},{"assemblyName":"Unity.Services.Lobbies","nameSpace":"Unity.Services.Lobbies.Scheduler","className":"ThreadHelper","methodName":"Init","loadTypes":1,"isUnityClass":true},{"assemblyName":"Unity.Services.Lobbies","nameSpace":"Unity.Services.Lobbies.Http","className":"JsonHelpers","methodName":"RegisterTypesForAOT","loadTypes":3,"isUnityClass":true},{"assemblyName":"Unity.Netcode.Runtime","nameSpace":"Unity.Netcode","className":"NetworkUpdateLoop","methodName":"Initialize","loadTypes":4,"isUnityClass":true},{"assemblyName":"Unity.Services.Core","nameSpace":"Unity.Services.Core","className":"UnityThreadUtils","methodName":"CaptureUnityThreadInfo","loadTypes":4,"isUnityClass":true},{"assemblyName":"Unity.VisualScripting.Core","nameSpace":"Unity.VisualScripting","className":"RuntimeVSUsageUtility","methodName":"RuntimeInitializeOnLoadBeforeSceneLoad","loadTypes":1,"isUnityClass":true},{"assemblyName":"Unity.Services.QoS","nameSpace":"Unity.Services.Qos","className":"QosPackageInitializer","methodName":"Register","loadTypes":1,"isUnityClass":true},{"assemblyName":"Unity.Services.QoS","nameSpace":"Unity.Services.Qos.Scheduler","className":"EngineStateHelper","methodName":"Init","loadTypes":1,"isUnityClass":true},{"assemblyName":"Unity.Services.QoS","nameSpace":"Unity.Services.Qos.Scheduler","className":"ThreadHelper","methodName":"Init","loadTypes":1,"isUnityClass":true},{"assemblyName":"Unity.Services.QoS","nameSpace":"Unity.Services.Qos.Http","className":"JsonHelpers","methodName":"RegisterTypesForAOT","loadTypes":3,"isUnityClass":true}]}
